Hour-ahead forecast,Demand,Day-ahead net forecast,Net demand,Demand response event,Month,Day,Hour,Minute
31343,31342,28606,28909,,9,1,0,0
30930,31292,26860,28778,,9,1,0,5
30930,31354,26860,28803,,9,1,0,10
30930,31221,26860,28735,,9,1,0,15
30464,31162,26860,28622,,9,1,0,20
30464,30964,26860,28444,,9,1,0,25
30464,30768,26860,28210,,9,1,0,30
30034,30627,26860,28001,,9,1,0,35
30034,30433,26860,27785,,9,1,0,40
30034,30283,26860,27675,,9,1,0,45
29668,30122,26860,27522,,9,1,0,50
29668,29980,26860,27408,,9,1,0,55
29668,29828,26860,27251,,9,1,1,0
29315,29667,25033,27122,,9,1,1,5
29315,29575,25033,26984,,9,1,1,10
29315,29463,25033,26883,,9,1,1,15
28862,29350,25033,26729,,9,1,1,20
28862,29195,25033,26596,,9,1,1,25
28862,29067,25033,26435,,9,1,1,30
28564,29004,25033,26369,,9,1,1,35
28564,28940,25033,26293,,9,1,1,40
28564,28787,25033,26192,,9,1,1,45
28367,28666,25033,26077,,9,1,1,50
28367,28576,25033,26051,,9,1,1,55
28367,28377,25033,25977,,9,1,2,0
28069,28237,24208,25824,,9,1,2,5
28069,28139,24208,25786,,9,1,2,10
28069,28046,24208,25679,,9,1,2,15
27584,27936,24208,25586,,9,1,2,20
27584,27835,24208,25494,,9,1,2,25
27584,27746,24208,25413,,9,1,2,30
27452,27652,24208,25339,,9,1,2,35
27452,27592,24208,25308,,9,1,2,40
27452,27485,24208,25269,,9,1,2,45
27241,27407,24208,25242,,9,1,2,50
27241,27322,24208,25233,,9,1,2,55
27241,27235,24208,25188,,9,1,3,0
27075,27178,23729,25166,,9,1,3,5
27075,27155,23729,25176,,9,1,3,10
27075,27095,23729,25210,,9,1,3,15
26850,27041,23729,25188,,9,1,3,20
26850,26966,23729,25182,,9,1,3,25
26850,26907,23729,25158,,9,1,3,30
26744,26881,23729,25150,,9,1,3,35
26744,26837,23729,25142,,9,1,3,40
26744,26762,23729,25120,,9,1,3,45
26727,26740,23729,25086,,9,1,3,50
26727,26748,23729,25120,,9,1,3,55
26727,26727,23729,25140,,9,1,4,0
26798,26765,23861,25166,,9,1,4,5
26798,26826,23861,25285,,9,1,4,10
26798,26809,23861,25325,,9,1,4,15
26843,26823,23861,25342,,9,1,4,20
26843,26790,23861,25377,,9,1,4,25
26843,26781,23861,25375,,9,1,4,30
26860,26804,23861,25429,,9,1,4,35
26860,26820,23861,25523,,9,1,4,40
26860,26841,23861,25563,,9,1,4,45
27155,26841,23861,25570,,9,1,4,50
27155,26813,23861,25563,,9,1,4,55
27155,26846,23861,25582,,9,1,5,0
27370,27034,25118,25671,,9,1,5,5
27370,27199,25118,25901,,9,1,5,10
27370,27264,25118,26031,,9,1,5,15
27544,27338,25118,26132,,9,1,5,20
27544,27390,25118,26189,,9,1,5,25
27544,27423,25118,26246,,9,1,5,30
27696,27527,25118,26356,,9,1,5,35
27696,27583,25118,26456,,9,1,5,40
27696,27642,25118,26581,,9,1,5,45
28155,27734,25118,26696,,9,1,5,50
28155,27828,25118,26799,,9,1,5,55
28155,27954,25118,26895,,9,1,6,0
28647,28323,26931,27160,,9,1,6,5
28647,28757,26931,27681,,9,1,6,10
28647,28892,26931,27987,,9,1,6,15
29091,28984,26931,28174,,9,1,6,20
29091,29027,26931,28245,,9,1,6,25
29091,29047,26931,28280,,9,1,6,30
29255,29122,26931,28244,,9,1,6,35
29255,29227,26931,28257,,9,1,6,40
29255,29240,26931,28117,,9,1,6,45
29574,29306,26931,27968,,9,1,6,50
29574,29376,26931,27770,,9,1,6,55
29574,29460,26931,27541,,9,1,7,0
29994,29621,24319,27238,,9,1,7,5
29994,29766,24319,27068,,9,1,7,10
29994,29841,24319,26765,,9,1,7,15
30132,29950,24319,26495,,9,1,7,20
30132,30007,24319,26260,,9,1,7,25
30132,30076,24319,25926,,9,1,7,30
30180,30105,24319,25583,,9,1,7,35
30180,30198,24319,25202,,9,1,7,40
30180,30202,24319,24882,,9,1,7,45
30455,30191,24319,24654,,9,1,7,50
30455,30261,24319,24476,,9,1,7,55
30455,30298,24319,24181,,9,1,8,0
30624,30422,20116,23894,,9,1,8,5
30624,30564,20116,23734,,9,1,8,10
30624,30663,20116,23486,,9,1,8,15
30696,30724,20116,23186,,9,1,8,20
30696,30778,20116,22856,,9,1,8,25
30696,30836,20116,22634,,9,1,8,30
30951,30941,20116,22530,,9,1,8,35
30951,31076,20116,22505,,9,1,8,40
30951,31166,20116,22612,,9,1,8,45
31369,31237,20116,22612,,9,1,8,50
31369,31297,20116,22466,,9,1,8,55
31369,31370,20116,22321,,9,1,9,0
31592,31403,19123,22131,,9,1,9,5
31592,31544,19123,22120,,9,1,9,10
31592,31558,19123,22070,,9,1,9,15
31632,31604,19123,21828,,9,1,9,20
31632,31689,19123,21729,,9,1,9,25
31632,31879,19123,21788,,9,1,9,30
31980,31964,19123,21605,,9,1,9,35
31980,32035,19123,21461,,9,1,9,40
31980,32184,19123,21607,,9,1,9,45
32535,32348,19123,21588,,9,1,9,50
32535,32435,19123,21580,,9,1,9,55
32535,32536,19123,21444,,9,1,10,0
32978,32668,19787,21384,,9,1,10,5
32978,32846,19787,21394,,9,1,10,10
32978,32996,19787,21474,,9,1,10,15
33351,33075,19787,21483,,9,1,10,20
33351,33170,19787,21460,,9,1,10,25
33351,33286,19787,21507,,9,1,10,30
33759,33406,19787,21490,,9,1,10,35
33759,33518,19787,21469,,9,1,10,40
33759,33665,19787,21610,,9,1,10,45
34169,33777,19787,21718,,9,1,10,50
34169,33899,19787,21817,,9,1,10,55
34169,34061,19787,21942,,9,1,11,0
34614,34196,21264,21960,,9,1,11,5
34614,34313,21264,22038,,9,1,11,10
34614,34544,21264,22141,,9,1,11,15
35134,34760,21264,22289,,9,1,11,20
35134,34922,21264,22327,,9,1,11,25
35134,35096,21264,22393,,9,1,11,30
35755,35249,21264,22619,,9,1,11,35
35755,35452,21264,22602,,9,1,11,40
35755,35694,21264,22534,,9,1,11,45
36292,35850,21264,22612,,9,1,11,50
36292,36046,21264,22751,,9,1,11,55
36292,36228,21264,22832,,9,1,12,0
36901,36399,23367,23112,,9,1,12,5
36901,36573,23367,23279,,9,1,12,10
36901,36783,23367,23464,,9,1,12,15
37537,36931,23367,23525,,9,1,12,20
37537,37118,23367,23705,,9,1,12,25
37537,37273,23367,23810,,9,1,12,30
38093,37497,23367,23913,,9,1,12,35
38093,37740,23367,24247,,9,1,12,40
38093,37957,23367,24414,,9,1,12,45
38780,38191,23367,24608,,9,1,12,50
38780,38359,23367,24692,,9,1,12,55
38780,38545,23367,24789,,9,1,13,0
39340,38734,26492,24898,,9,1,13,5
39340,38960,26492,25125,,9,1,13,10
39340,39236,26492,25507,,9,1,13,15
39910,39467,26492,26063,,9,1,13,20
39910,39699,26492,26499,,9,1,13,25
39910,39943,26492,26909,,9,1,13,30
40635,40185,26492,27290,,9,1,13,35
40635,40402,26492,27435,,9,1,13,40
40635,40643,26492,27769,,9,1,13,45
41297,40807,26492,27651,,9,1,13,50
41297,41064,26492,27731,,9,1,13,55
41297,41172,26492,27771,,9,1,14,0
42025,41264,29230,27910,,9,1,14,5
42025,41411,29230,28189,,9,1,14,10
42025,41625,29230,28536,,9,1,14,15
42561,41849,29230,28739,,9,1,14,20
42561,42069,29230,29048,,9,1,14,25
42561,42346,29230,29522,,9,1,14,30
43116,42529,29230,29796,,9,1,14,35
43116,42771,29230,30032,,9,1,14,40
43116,43008,29230,30357,,9,1,14,45
43737,43257,29230,30787,,9,1,14,50
43737,43489,29230,31247,,9,1,14,55
43737,43662,29230,31442,,9,1,15,0
44336,43740,31430,31563,,9,1,15,5
44336,43875,31430,31736,,9,1,15,10
44336,44120,31430,32116,,9,1,15,15
44952,44301,31430,32174,,9,1,15,20
44952,44541,31430,32226,,9,1,15,25
44952,44697,31430,32181,,9,1,15,30
45340,44802,31430,32230,,9,1,15,35
45340,44987,31430,32347,,9,1,15,40
45340,45187,31430,32631,,9,1,15,45
45590,45390,31430,32973,,9,1,15,50
45590,45563,31430,33123,,9,1,15,55
45590,45678,31430,33415,,9,1,16,0
46048,45526,33279,33499,,9,1,16,5
46048,45609,33279,33478,,9,1,16,10
46048,45684,33279,33693,,9,1,16,15
46312,45624,33279,33700,,9,1,16,20
46312,45851,33279,33860,,9,1,16,25
46312,46040,33279,34178,,9,1,16,30
46365,46117,33279,34180,,9,1,16,35
46365,46251,33279,34267,,9,1,16,40
46365,46366,33279,34543,,9,1,16,45
46552,46468,33279,34979,,9,1,16,50
46552,46595,33279,35264,,9,1,16,55
46552,46728,33279,35500,1,9,1,17,0
46795,46537,35971,35564,1,9,1,17,5
46795,46488,35971,35423,1,9,1,17,10
46795,46561,35971,35587,1,9,1,17,15
46985,46665,35971,35975,1,9,1,17,20
46985,46770,35971,36310,1,9,1,17,25
46985,46888,35971,36681,1,9,1,17,30
47195,46897,35971,37090,1,9,1,17,35
47195,46922,35971,37489,1,9,1,17,40
47195,46959,35971,37828,1,9,1,17,45
46825,46928,35971,38230,1,9,1,17,50
46825,46934,35971,38618,1,9,1,17,55
46825,46895,35971,39049,1,9,1,18,0
46349,46513,40476,39267,1,9,1,18,5
46349,46304,40476,39347,1,9,1,18,10
46349,46267,40476,39685,1,9,1,18,15
46079,46221,40476,40110,1,9,1,18,20
46079,46193,40476,40546,1,9,1,18,25
46079,46136,40476,40923,1,9,1,18,30
45860,46053,40476,41248,1,9,1,18,35
45860,45962,40476,41560,1,9,1,18,40
45860,45815,40476,41767,1,9,1,18,45
45514,45748,40476,41996,1,9,1,18,50
45514,45597,40476,42058,1,9,1,18,55
45514,45477,40476,42083,1,9,1,19,0
45234,45209,41296,42066,1,9,1,19,5
45234,45016,41296,41892,1,9,1,19,10
45234,44776,41296,41807,1,9,1,19,15
44666,44635,41296,41652,1,9,1,19,20
44666,44553,41296,41550,1,9,1,19,25
44666,44448,41296,41473,1,9,1,19,30
44154,44337,41296,41345,1,9,1,19,35
44154,44274,41296,41279,1,9,1,19,40
44154,44162,41296,41191,1,9,1,19,45
43709,44055,41296,41079,1,9,1,19,50
43709,43917,41296,40908,1,9,1,19,55
43709,43757,41296,40730,1,9,1,20,0
43269,43572,39302,40495,1,9,1,20,5
43269,43471,39302,40323,1,9,1,20,10
43269,43301,39302,40197,1,9,1,20,15
42777,43122,39302,40015,1,9,1,20,20
42777,42983,39302,39882,1,9,1,20,25
42777,42820,39302,39731,,9,1,20,30
42008,42645,39302,39557,,9,1,20,35
42008,42409,39302,39316,,9,1,20,40
42008,42192,39302,39127,,9,1,20,45
41489,42006,39302,38930,,9,1,20,50
41489,41822,39302,38723,,9,1,20,55
41489,41649,39302,38572,,9,1,21,0
40826,41526,36686,38407,,9,1,21,5
40826,41440,36686,38448,,9,1,21,10
40826,41268,36686,38293,,9,1,21,15
40276,41121,36686,38104,,9,1,21,20
40276,40895,36686,37966,,9,1,21,25
40276,40691,36686,37749,,9,1,21,30
39633,40410,36686,37463,,9,1,21,35
39633,40128,36686,37096,,9,1,21,40
39633,39863,36686,36732,,9,1,21,45
38707,39565,36686,36442,,9,1,21,50
38707,39325,36686,36205,,9,1,21,55
38707,38944,36686,35903,,9,1,22,0
37806,38641,33105,35523,,9,1,22,5
37806,38365,33105,35239,,9,1,22,10
37806,38000,33105,34958,,9,1,22,15
37039,37719,33105,34711,,9,1,22,20
37039,37426,33105,34499,,9,1,22,25
37039,37160,33105,34215,,9,1,22,30
36077,36859,33105,33929,,9,1,22,35
36077,36589,33105,33705,,9,1,22,40
36077,36178,33105,33461,,9,1,22,45
35184,35906,33105,33061,,9,1,22,50
35184,35637,33105,32903,,9,1,22,55
35184,35371,33105,32752,,9,1,23,0
34352,35102,29858,32466,,9,1,23,5
34352,34920,29858,32115,,9,1,23,10
34352,34694,29858,31925,,9,1,23,15
33706,34429,29858,31738,,9,1,23,20
33706,34152,29858,31445,,9,1,23,25
33706,33873,29858,31194,,9,1,23,30
33005,33604,29858,30969,,9,1,23,35
33005,33350,29858,30701,,9,1,23,40
33005,33106,29858,30477,,9,1,23,45
32337,32862,29858,30222,,9,1,23,50
32337,32677,29858,29987,,9,1,23,55
32337,32394,29858,29751,,9,1,0,0
32337,32394,29858,29750,,9,2,0,0
31897,32358,27237,29539,,9,2,0,5
31897,32376,27237,29600,,9,2,0,10
31897,32238,27237,29544,,9,2,0,15
31397,32081,27237,29410,,9,2,0,20
31397,31950,27237,29283,,9,2,0,25
31397,31793,27237,29175,,9,2,0,30
31076,31609,27237,28977,,9,2,0,35
31076,31426,27237,28839,,9,2,0,40
31076,31251,27237,28668,,9,2,0,45
30591,31051,27237,28439,,9,2,0,50
30591,30809,27237,28214,,9,2,0,55
30591,30633,27237,28000,,9,2,1,0
30089,30473,25678,27792,,9,2,1,5
30089,30401,25678,27700,,9,2,1,10
30089,30239,25678,27548,,9,2,1,15
29676,30104,25678,27396,,9,2,1,20
29676,29965,25678,27215,,9,2,1,25
29676,29891,25678,27143,,9,2,1,30
29394,29737,25678,27008,,9,2,1,35
29394,29605,25678,26841,,9,2,1,40
29394,29454,25678,26672,,9,2,1,45
28978,29324,25678,26510,,9,2,1,50
28978,29200,25678,26377,,9,2,1,55
28978,29025,25678,26260,,9,2,2,0
28627,28931,24448,26078,,9,2,2,5
28627,28864,24448,26020,,9,2,2,10
28627,28758,24448,25896,,9,2,2,15
28338,28622,24448,25803,,9,2,2,20
28338,28497,24448,25671,,9,2,2,25
28338,28385,24448,25550,,9,2,2,30
28010,28276,24448,25434,,9,2,2,35
28010,28180,24448,25337,,9,2,2,40
28010,28074,24448,25195,,9,2,2,45
27808,27989,24448,25103,,9,2,2,50
27808,27887,24448,25010,,9,2,2,55
27808,27810,24448,24929,,9,2,3,0
27592,27811,23673,24929,,9,2,3,5
27592,27828,23673,24989,,9,2,3,10
27592,27733,23673,24909,,9,2,3,15
27435,27637,23673,24825,,9,2,3,20
27435,27597,23673,24770,,9,2,3,25
27435,27520,23673,24724,,9,2,3,30
27292,27463,23673,24669,,9,2,3,35
27292,27430,23673,24599,,9,2,3,40
27292,27352,23673,24540,,9,2,3,45
27305,27297,23673,24428,,9,2,3,50
27305,27257,23673,24334,,9,2,3,55
27305,27241,23673,24244,,9,2,4,0
27288,27226,23641,24248,,9,2,4,5
27288,27250,23641,24287,,9,2,4,10
27288,27149,23641,24199,,9,2,4,15
27159,27150,23641,24207,,9,2,4,20
27159,27138,23641,24207,,9,2,4,25
27159,27133,23641,24190,,9,2,4,30
27155,27172,23641,24171,,9,2,4,35
27155,27228,23641,24209,,9,2,4,40
27155,27246,23641,24258,,9,2,4,45
27428,27282,23641,24304,,9,2,4,50
27428,27292,23641,24306,,9,2,4,55
27428,27328,23641,24355,,9,2,5,0
27716,27518,24629,24531,,9,2,5,5
27716,27686,24629,24762,,9,2,5,10
27716,27802,24629,24920,,9,2,5,15
28001,27894,24629,25037,,9,2,5,20
28001,27918,24629,25112,,9,2,5,25
28001,27979,24629,25187,,9,2,5,30
28166,28053,24629,25289,,9,2,5,35
28166,28110,24629,25356,,9,2,5,40
28166,28166,24629,25440,,9,2,5,45
28645,28244,24629,25494,,9,2,5,50
28645,28329,24629,25607,,9,2,5,55
28645,28435,24629,25731,,9,2,6,0
29119,28865,25999,26065,,9,2,6,5
29119,29226,25999,26551,,9,2,6,10
29119,29378,25999,26827,,9,2,6,15
29555,29479,25999,27016,,9,2,6,20
29555,29530,25999,27144,,9,2,6,25
29555,29572,25999,27170,,9,2,6,30
29753,29652,25999,27240,,9,2,6,35
29753,29750,25999,27299,,9,2,6,40
29753,29772,25999,27205,,9,2,6,45
30103,29814,25999,27059,,9,2,6,50
30103,29884,25999,26894,,9,2,6,55
30103,29997,25999,26646,,9,2,7,0
30487,30192,23384,26441,,9,2,7,5
30487,30420,23384,26299,,9,2,7,10
30487,30516,23384,26028,,9,2,7,15
30706,30582,23384,25741,,9,2,7,20
30706,30662,23384,25411,,9,2,7,25
30706,30712,23384,24932,,9,2,7,30
30782,30808,23384,24497,,9,2,7,35
30782,30871,23384,24011,,9,2,7,40
30782,30962,23384,23657,,9,2,7,45
31121,31006,23384,23185,,9,2,7,50
31121,31065,23384,22687,,9,2,7,55
31121,31124,23384,22266,,9,2,8,0
31434,31280,19286,21832,,9,2,8,5
31434,31389,19286,21435,,9,2,8,10
31434,31492,19286,21024,,9,2,8,15
31583,31598,19286,20704,,9,2,8,20
31583,31712,19286,20514,,9,2,8,25
31583,31754,19286,20228,,9,2,8,30
31872,31874,19286,19979,,9,2,8,35
31872,31976,19286,19748,,9,2,8,40
31872,32087,19286,19622,,9,2,8,45
32231,32173,19286,19629,,9,2,8,50
32231,32257,19286,19479,,9,2,8,55
32231,32362,19286,19414,,9,2,9,0
32526,32470,18483,19396,,9,2,9,5
32526,32574,18483,19353,,9,2,9,10
32526,32745,18483,19433,,9,2,9,15
32796,32818,18483,19538,,9,2,9,20
32796,32839,18483,19456,,9,2,9,25
32796,32881,18483,19439,,9,2,9,30
33191,32974,18483,19439,,9,2,9,35
33191,33041,18483,19467,,9,2,9,40
33191,33199,18483,19530,,9,2,9,45
33517,33311,18483,19699,,9,2,9,50
33517,33419,18483,19682,,9,2,9,55
33517,33468,18483,19734,,9,2,10,0
33879,33568,19245,19816,,9,2,10,5
33879,33707,19245,19912,,9,2,10,10
33879,33842,19245,20006,,9,2,10,15
34218,33981,19245,20136,,9,2,10,20
34218,34094,19245,20243,,9,2,10,25
34218,34194,19245,20430,,9,2,10,30
34619,34304,19245,20484,,9,2,10,35
34619,34451,19245,20510,,9,2,10,40
34619,34663,19245,20630,,9,2,10,45
35062,34828,19245,20808,,9,2,10,50
35062,34998,19245,20890,,9,2,10,55
35062,35169,19245,21022,,9,2,11,0
35680,35302,20806,21118,,9,2,11,5
35680,35481,20806,21288,,9,2,11,10
35680,35677,20806,21417,,9,2,11,15
36110,35886,20806,21640,,9,2,11,20
36110,35991,20806,21714,,9,2,11,25
36110,36137,20806,21847,,9,2,11,30
36557,36253,20806,21953,,9,2,11,35
36557,36441,20806,22082,,9,2,11,40
36557,36668,20806,22390,,9,2,11,45
37141,36812,20806,22570,,9,2,11,50
37141,36907,20806,22593,,9,2,11,55
37141,37028,20806,22722,,9,2,12,0
37732,37056,22953,22837,,9,2,12,5
37732,37182,22953,23087,,9,2,12,10
37732,37431,22953,23206,,9,2,12,15
38087,37598,22953,23354,,9,2,12,20
38087,37769,22953,23525,,9,2,12,25
38087,37974,22953,23742,,9,2,12,30
38695,38179,22953,23916,,9,2,12,35
38695,38349,22953,24083,,9,2,12,40
38695,38647,22953,24265,,9,2,12,45
39279,38843,22953,24434,,9,2,12,50
39279,39025,22953,24573,,9,2,12,55
39279,39131,22953,24685,,9,2,13,0
39943,39225,25205,24693,,9,2,13,5
39943,39387,25205,24755,,9,2,13,10
39943,39637,25205,24956,,9,2,13,15
40434,39864,25205,25092,,9,2,13,20
40434,40072,25205,25283,,9,2,13,25
40434,40243,25205,25418,,9,2,13,30
41011,40413,25205,25567,,9,2,13,35
41011,40658,25205,25760,,9,2,13,40
41011,40905,25205,26035,,9,2,13,45
41477,41154,25205,26240,,9,2,13,50
41477,41392,25205,26519,,9,2,13,55
41477,41610,25205,26771,,9,2,14,0
42082,41686,27655,26863,,9,2,14,5
42082,41809,27655,26981,,9,2,14,10
42082,42002,27655,27258,,9,2,14,15
42707,42124,27655,27437,,9,2,14,20
42707,42230,27655,27840,,9,2,14,25
42707,42395,27655,28021,,9,2,14,30
43004,42567,27655,28257,,9,2,14,35
43004,42753,27655,28408,,9,2,14,40
43004,42892,27655,28602,,9,2,14,45
43462,43035,27655,28812,,9,2,14,50
43462,43265,27655,29002,,9,2,14,55
43462,43451,27655,29249,,9,2,15,0
43931,43529,29707,29287,,9,2,15,5
43931,43642,29707,29368,,9,2,15,10
43931,43792,29707,29481,,9,2,15,15
44305,43953,29707,29540,,9,2,15,20
44305,44127,29707,29685,,9,2,15,25
44305,44271,29707,29799,,9,2,15,30
44666,44414,29707,29966,,9,2,15,35
44666,44519,29707,30045,,9,2,15,40
44666,44671,29707,30074,,9,2,15,45
44857,44826,29707,30209,,9,2,15,50
44857,44889,29707,30293,,9,2,15,55
44857,44970,29707,30491,,9,2,16,0
45180,44797,31274,30465,,9,2,16,5
45180,44724,31274,30328,,9,2,16,10
45180,44748,31274,30426,,9,2,16,15
45247,44634,31274,30194,,9,2,16,20
45247,44780,31274,30368,,9,2,16,25
45247,45077,31274,30617,,9,2,16,30
45228,45166,31274,30791,,9,2,16,35
45228,45274,31274,30900,,9,2,16,40
45228,45328,31274,31073,,9,2,16,45
45358,45370,31274,31345,,9,2,16,50
45358,45417,31274,31526,,9,2,16,55
45358,45461,31274,31632,,9,2,17,0
45337,45333,33924,31637,,9,2,17,5
45337,45321,33924,31710,,9,2,17,10
45337,45370,33924,31901,,9,2,17,15
45537,45382,33924,32154,,9,2,17,20
45537,45493,33924,32443,,9,2,17,25
45537,45481,33924,32796,,9,2,17,30
45600,45498,33924,33099,,9,2,17,35
45600,45506,33924,33571,,9,2,17,40
45600,45521,33924,33992,,9,2,17,45
45113,45511,33924,34490,,9,2,17,50
45113,45523,33924,35035,,9,2,17,55
45113,45426,33924,35445,,9,2,18,0
44671,45104,38616,35690,,9,2,18,5
44671,44544,38616,35702,,9,2,18,10
44671,44469,38616,35964,,9,2,18,15
44310,44430,38616,36369,,9,2,18,20
44310,44634,38616,37086,,9,2,18,25
44310,44598,38616,37668,,9,2,18,30
43963,44483,38616,38015,,9,2,18,35
43963,44385,38616,38301,,9,2,18,40
43963,44257,38616,38489,,9,2,18,45
43704,44176,38616,38667,,9,2,18,50
43704,44021,38616,38779,,9,2,18,55
43704,43840,38616,38790,,9,2,19,0
43409,43600,39797,38716,,9,2,19,5
43409,43431,39797,38599,,9,2,19,10
43409,43219,39797,38584,,9,2,19,15
42953,43071,39797,38416,,9,2,19,20
42953,43004,39797,38374,,9,2,19,25
42953,42933,39797,38337,,9,2,19,30
42397,42844,39797,38277,,9,2,19,35
42397,42782,39797,38274,,9,2,19,40
42397,42648,39797,38200,,9,2,19,45
41984,42533,39797,38076,,9,2,19,50
41984,42444,39797,38048,,9,2,19,55
41984,42318,39797,37981,,9,2,20,0
41704,42184,38315,37796,,9,2,20,5
41704,42118,38315,37672,,9,2,20,10
41704,41949,38315,37547,,9,2,20,15
41299,41822,38315,37400,,9,2,20,20
41299,41621,38315,37253,,9,2,20,25
41299,41450,38315,37140,,9,2,20,30
40613,41233,38315,36950,,9,2,20,35
40613,41060,38315,36822,,9,2,20,40
40613,40845,38315,36695,,9,2,20,45
40161,40650,38315,36485,,9,2,20,50
40161,40495,38315,36356,,9,2,20,55
40161,40281,38315,36195,,9,2,21,0
39670,40193,36188,36126,,9,2,21,5
39670,40078,36188,36085,,9,2,21,10
39670,39923,36188,35901,,9,2,21,15
39161,39742,36188,35800,,9,2,21,20
39161,39609,36188,35692,,9,2,21,25
39161,39426,36188,35542,,9,2,21,30
38506,39237,36188,35387,,9,2,21,35
38506,39001,36188,35182,,9,2,21,40
38506,38771,36188,34992,,9,2,21,45
37706,38573,36188,34817,,9,2,21,50
37706,38374,36188,34648,,9,2,21,55
37706,38137,36188,34440,,9,2,22,0
37115,37936,33139,34218,,9,2,22,5
37115,37822,33139,34109,,9,2,22,10
37115,37571,33139,33893,,9,2,22,15
36541,37341,33139,33573,,9,2,22,20
36541,37117,33139,33321,,9,2,22,25
36541,36871,33139,33085,,9,2,22,30
35744,36632,33139,32831,,9,2,22,35
35744,36444,33139,32546,,9,2,22,40
35744,36172,33139,32408,,9,2,22,45
35089,35941,33139,32205,,9,2,22,50
35089,35706,33139,32081,,9,2,22,55
35089,35443,33139,31935,,9,2,23,0
34466,35208,30250,31765,,9,2,23,5
34466,35116,30250,31685,,9,2,23,10
34466,34906,30250,31569,,9,2,23,15
33924,34629,30250,31375,,9,2,23,20
33924,34377,30250,31129,,9,2,23,25
33924,34187,30250,30949,,9,2,23,30
33240,33973,30250,30791,,9,2,23,35
33240,33735,30250,30603,,9,2,23,40
33240,33478,30250,30439,,9,2,23,45
32752,33271,30250,30277,,9,2,23,50
32752,33045,30250,30098,,9,2,23,55
32752,32790,30250,29908,,9,2,0,0
32752,32790,30250,29909,,9,3,0,0
32205,32720,28291,29776,,9,3,0,5
32205,32554,28291,29659,,9,3,0,10
32205,32358,28291,29487,,9,3,0,15
31683,32195,28291,29294,,9,3,0,20
31683,32017,28291,29135,,9,3,0,25
31683,31856,28291,28973,,9,3,0,30
31177,31715,28291,28858,,9,3,0,35
31177,31532,28291,28654,,9,3,0,40
31177,31331,28291,28498,,9,3,0,45
30675,31149,28291,28300,,9,3,0,50
30675,30988,28291,28136,,9,3,0,55
30675,30790,28291,27988,,9,3,1,0
30180,30690,26609,27840,,9,3,1,5
30180,30598,26609,27793,,9,3,1,10
30180,30429,26609,27678,,9,3,1,15
29846,30241,26609,27554,,9,3,1,20
29846,30086,26609,27419,,9,3,1,25
29846,29958,26609,27327,,9,3,1,30
29418,29795,26609,27163,,9,3,1,35
29418,29703,26609,27023,,9,3,1,40
29418,29567,26609,26952,,9,3,1,45
29036,29433,26609,26770,,9,3,1,50
29036,29312,26609,26630,,9,3,1,55
29036,29174,26609,26440,,9,3,2,0
28729,29067,25306,26204,,9,3,2,5
28729,28966,25306,26050,,9,3,2,10
28729,28807,25306,25856,,9,3,2,15
28396,28690,25306,25693,,9,3,2,20
28396,28457,25306,25458,,9,3,2,25
28396,28479,25306,25387,,9,3,2,30
28038,28420,25306,25348,,9,3,2,35
28038,28321,25306,25272,,9,3,2,40
28038,28196,25306,25193,,9,3,2,45
27902,28080,25306,25118,,9,3,2,50
27902,27993,25306,25034,,9,3,2,55
27902,27878,25306,24918,,9,3,3,0
27618,27869,24530,24853,,9,3,3,5
27618,27840,24530,24809,,9,3,3,10
27618,27773,24530,24658,,9,3,3,15
27437,27677,24530,24447,,9,3,3,20
27437,27603,24530,24316,,9,3,3,25
27437,27495,24530,24309,,9,3,3,30
27274,27466,24530,24334,,9,3,3,35
27274,27393,24530,24241,,9,3,3,40
27274,27303,24530,24174,,9,3,3,45
27140,27216,24530,24119,,9,3,3,50
27140,27147,24530,24084,,9,3,3,55
27140,27099,24530,24076,,9,3,4,0
27060,27081,24289,24029,,9,3,4,5
27060,27071,24289,24037,,9,3,4,10
27060,27012,24289,23938,,9,3,4,15
26926,26966,24289,23907,,9,3,4,20
26926,26926,24289,23878,,9,3,4,25
26926,26891,24289,23876,,9,3,4,30
26703,26873,24289,23895,,9,3,4,35
26703,26849,24289,23933,,9,3,4,40
26703,26799,24289,23963,,9,3,4,45
26772,26719,24289,23907,,9,3,4,50
26772,26684,24289,23894,,9,3,4,55
26772,26654,24289,23917,,9,3,5,0
26745,26691,24697,23955,,9,3,5,5
26745,26763,24697,24122,,9,3,5,10
26745,26743,24697,24163,,9,3,5,15
26756,26768,24697,24225,,9,3,5,20
26756,26703,24697,24209,,9,3,5,25
26756,26697,24697,24173,,9,3,5,30
26592,26692,24697,24138,,9,3,5,35
26592,26708,24697,24124,,9,3,5,40
26592,26719,24697,24144,,9,3,5,45
26773,26706,24697,24184,,9,3,5,50
26773,26713,24697,24274,,9,3,5,55
26773,26763,24697,24363,,9,3,6,0
26953,26945,25314,24560,,9,3,6,5
26953,27068,25314,24757,,9,3,6,10
26953,27136,25314,24860,,9,3,6,15
26880,27141,25314,24935,,9,3,6,20
26880,27096,25314,24904,,9,3,6,25
26880,27041,25314,24850,,9,3,6,30
26950,27001,25314,24776,,9,3,6,35
26950,26940,25314,24668,,9,3,6,40
26950,26910,25314,24464,,9,3,6,45
26973,26903,25314,24240,,9,3,6,50
26973,26912,25314,23981,,9,3,6,55
26973,26958,25314,23721,,9,3,7,0
27231,27055,22138,23395,,9,3,7,5
27231,27179,22138,23195,,9,3,7,10
27231,27244,22138,22877,,9,3,7,15
27351,27296,22138,22507,,9,3,7,20
27351,27331,22138,22145,,9,3,7,25
27351,27354,22138,21701,,9,3,7,30
27432,27433,22138,21305,,9,3,7,35
27432,27515,22138,20904,,9,3,7,40
27432,27572,22138,20659,,9,3,7,45
27784,27657,22138,20365,,9,3,7,50
27784,27735,22138,20132,,9,3,7,55
27784,27840,22138,19721,,9,3,8,0
28260,27993,17744,18843,,9,3,8,5
28260,28118,17744,18370,,9,3,8,10
28260,28242,17744,18026,,9,3,8,15
28381,28321,17744,17713,,9,3,8,20
28381,28395,17744,17456,,9,3,8,25
28381,28497,17744,17274,,9,3,8,30
28619,28624,17744,17142,,9,3,8,35
28619,28702,17744,17054,,9,3,8,40
28619,28834,17744,16973,,9,3,8,45
29112,28938,17744,16891,,9,3,8,50
29112,29024,17744,16804,,9,3,8,55
29112,29105,17744,16695,,9,3,9,0
29434,29297,16896,16724,,9,3,9,5
29434,29455,16896,16819,,9,3,9,10
29434,29626,16896,16813,,9,3,9,15
29829,29755,16896,16851,,9,3,9,20
29829,29884,16896,16883,,9,3,9,25
29829,29974,16896,16851,,9,3,9,30
30298,30147,16896,16859,,9,3,9,35
30298,30291,16896,16940,,9,3,9,40
30298,30453,16896,16976,,9,3,9,45
30846,30615,16896,17071,,9,3,9,50
30846,30757,16896,17180,,9,3,9,55
30846,30929,16896,17330,,9,3,10,0
31403,31087,17462,17398,,9,3,10,5
31403,31312,17462,17502,,9,3,10,10
31403,31564,17462,17673,,9,3,10,15
31923,31703,17462,17828,,9,3,10,20
31923,31876,17462,17998,,9,3,10,25
31923,32018,17462,18127,,9,3,10,30
32513,32197,17462,18225,,9,3,10,35
32513,32381,17462,18352,,9,3,10,40
32513,32589,17462,18499,,9,3,10,45
33102,32778,17462,18685,,9,3,10,50
33102,32970,17462,18879,,9,3,10,55
33102,33096,17462,18990,,9,3,11,0
33741,33288,19050,19129,,9,3,11,5
33741,33453,19050,19258,,9,3,11,10
33741,33679,19050,19447,,9,3,11,15
34289,33892,19050,19712,,9,3,11,20
34289,34012,19050,19792,,9,3,11,25
34289,34166,19050,19909,,9,3,11,30
34852,34339,19050,20090,,9,3,11,35
34852,34529,19050,20330,,9,3,11,40
34852,34746,19050,20555,,9,3,11,45
35393,34944,19050,20768,,9,3,11,50
35393,35101,19050,20971,,9,3,11,55
35393,35239,19050,21066,,9,3,12,0
35914,35424,21505,21241,,9,3,12,5
35914,35592,21505,21452,,9,3,12,10
35914,35797,21505,21652,,9,3,12,15
36455,35970,21505,21837,,9,3,12,20
36455,36158,21505,22012,,9,3,12,25
36455,36319,21505,22124,,9,3,12,30
37019,36505,21505,22301,,9,3,12,35
37019,36684,21505,22430,,9,3,12,40
37019,36914,21505,22605,,9,3,12,45
37520,37111,21505,22819,,9,3,12,50
37520,37298,21505,22961,,9,3,12,55
37520,37431,21505,23054,,9,3,13,0
38096,37429,24237,23071,,9,3,13,5
38096,37622,24237,23226,,9,3,13,10
38096,37814,24237,23439,,9,3,13,15
38556,38023,24237,23696,,9,3,13,20
38556,38217,24237,23961,,9,3,13,25
38556,38381,24237,24274,,9,3,13,30
39067,38321,24237,24240,,9,3,13,35
39067,38386,24237,24162,,9,3,13,40
39067,38818,24237,24469,,9,3,13,45
39241,39056,24237,24693,,9,3,13,50
39241,39279,24237,24941,,9,3,13,55
39241,39363,24237,25108,,9,3,14,0
39865,39322,26924,25227,,9,3,14,5
39865,39449,26924,25386,,9,3,14,10
39865,39615,26924,25606,,9,3,14,15
40365,39770,26924,25814,,9,3,14,20
40365,39943,26924,26163,,9,3,14,25
40365,40108,26924,26482,,9,3,14,30
40848,40254,26924,27002,,9,3,14,35
40848,40400,26924,27063,,9,3,14,40
40848,40637,26924,27210,,9,3,14,45
41305,40743,26924,27210,,9,3,14,50
41305,40890,26924,27238,,9,3,14,55
41305,40982,26924,27571,,9,3,15,0
41634,40946,29495,27762,,9,3,15,5
41634,41037,29495,27819,,9,3,15,10
41634,41190,29495,27898,,9,3,15,15
41838,41334,29495,28174,,9,3,15,20
41838,41447,29495,28458,,9,3,15,25
41838,41640,29495,28599,,9,3,15,30
42143,41731,29495,28777,,9,3,15,35
42143,41826,29495,29050,,9,3,15,40
42143,41900,29495,28983,,9,3,15,45
42350,42061,29495,29181,,9,3,15,50
42350,42198,29495,29479,,9,3,15,55
42350,42177,29495,29820,,9,3,16,0
42635,42099,32067,30290,,9,3,16,5
42635,42178,32067,30578,,9,3,16,10
42635,42225,32067,30918,,9,3,16,15
42789,42250,32067,30900,,9,3,16,20
42789,42458,32067,30944,,9,3,16,25
42789,42610,32067,31195,,9,3,16,30
42969,42708,32067,31277,,9,3,16,35
42969,42824,32067,31376,,9,3,16,40
42969,42983,32067,31528,,9,3,16,45
43144,43060,32067,31775,,9,3,16,50
43144,43206,32067,31735,,9,3,16,55
43144,43307,32067,31915,,9,3,17,0
43390,43231,35662,31995,,9,3,17,5
43390,43340,35662,32250,,9,3,17,10
43390,43467,35662,32928,,9,3,17,15
43662,43626,35662,33581,,9,3,17,20
43662,43753,35662,34189,,9,3,17,25
43662,43819,35662,34750,,9,3,17,30
43967,43877,35662,35329,,9,3,17,35
43967,43935,35662,35886,,9,3,17,40
43967,43978,35662,36486,,9,3,17,45
43819,44023,35662,36876,,9,3,17,50
43819,43988,35662,37318,,9,3,17,55
43819,43957,35662,37782,,9,3,18,0
43513,43813,40637,38078,,9,3,18,5
43513,43737,40637,38383,,9,3,18,10
43513,43730,40637,38782,,9,3,18,15
43363,43682,40637,39227,,9,3,18,20
43363,43431,40637,39501,,9,3,18,25
43363,43260,40637,39584,,9,3,18,30
42853,43363,40637,39896,,9,3,18,35
42853,43390,40637,40398,,9,3,18,40
42853,43311,40637,40492,,9,3,18,45
42715,43188,40637,40501,,9,3,18,50
42715,43035,40637,40457,,9,3,18,55
42715,42906,40637,40455,,9,3,19,0
42500,42784,41645,40454,,9,3,19,5
42500,42646,41645,40417,,9,3,19,10
42500,42511,41645,40353,,9,3,19,15
42075,42398,41645,40270,,9,3,19,20
42075,42282,41645,40155,,9,3,19,25
42075,42247,41645,40097,,9,3,19,30
41640,42179,41645,40008,,9,3,19,35
41640,42081,41645,39877,,9,3,19,40
41640,41955,41645,39721,,9,3,19,45
41228,41817,41645,39619,,9,3,19,50
41228,41688,41645,39486,,9,3,19,55
41228,41569,41645,39380,,9,3,20,0
40903,41444,40009,39258,,9,3,20,5
40903,41388,40009,39213,,9,3,20,10
40903,41249,40009,39211,,9,3,20,15
40518,41129,40009,39163,,9,3,20,20
40518,40960,40009,39059,,9,3,20,25
40518,40833,40009,38969,,9,3,20,30
39937,40646,40009,38851,,9,3,20,35
39937,40475,40009,38720,,9,3,20,40
39937,40288,40009,38601,,9,3,20,45
39568,40113,40009,38493,,9,3,20,50
39568,39894,40009,38345,,9,3,20,55
39568,39742,40009,38214,,9,3,21,0
39120,39658,37939,38200,,9,3,21,5
39120,39650,37939,38261,,9,3,21,10
39120,39452,37939,38175,,9,3,21,15
38741,39312,37939,38014,,9,3,21,20
38741,39134,37939,37885,,9,3,21,25
38741,38976,37939,37773,,9,3,21,30
38080,38797,37939,37639,,9,3,21,35
38080,38610,37939,37503,,9,3,21,40
38080,38380,37939,37301,,9,3,21,45
37335,38172,37939,37109,,9,3,21,50
37335,37951,37939,36923,,9,3,21,55
37335,37721,37939,36759,,9,3,22,0
36700,37404,35236,36516,,9,3,22,5
36700,37166,35236,36272,,9,3,22,10
36700,36928,35236,36058,,9,3,22,15
36190,36665,35236,35812,,9,3,22,20
36190,36448,35236,35579,,9,3,22,25
36190,36246,35236,35398,,9,3,22,30
35335,36016,35236,35186,,9,3,22,35
35335,35802,35236,35001,,9,3,22,40
35335,35589,35236,34824,,9,3,22,45
34614,35381,35236,34599,,9,3,22,50
34614,35179,35236,34409,,9,3,22,55
34614,34947,35236,34211,,9,3,23,0
33979,34757,32672,33978,,9,3,23,5
33979,34648,32672,33897,,9,3,23,10
33979,34423,32672,33716,,9,3,23,15
33503,34210,32672,33525,,9,3,23,20
33503,33980,32672,33316,,9,3,23,25
33503,33776,32672,33109,,9,3,23,30
32929,33555,32672,32906,,9,3,23,35
32929,33335,32672,32716,,9,3,23,40
32929,33047,32672,32466,,9,3,23,45
32358,32843,32672,32257,,9,3,23,50
32358,32663,32672,32073,,9,3,23,55
32358,32447,32672,31858,,9,3,0,0
32358,32447,32672,31858,,9,4,0,0
31866,32394,31209,31729,,9,4,0,5
31866,32380,31209,31763,,9,4,0,10
31866,32299,31209,31673,,9,4,0,15
31395,32136,31209,31561,,9,4,0,20
31395,31962,31209,31350,,9,4,0,25
31395,31818,31209,31192,,9,4,0,30
31072,31680,31209,31009,,9,4,0,35
31072,31557,31209,30880,,9,4,0,40
31072,31356,31209,30712,,9,4,0,45
30647,31193,31209,30504,,9,4,0,50
30647,31034,31209,30362,,9,4,0,55
30647,30887,31209,30230,,9,4,1,0
30221,30727,29475,30046,,9,4,1,5
30221,30658,29475,29980,,9,4,1,10
30221,30500,29475,29885,,9,4,1,15
29890,30348,29475,29721,,9,4,1,20
29890,30202,29475,29568,,9,4,1,25
29890,30048,29475,29431,,9,4,1,30
29510,29930,29475,29263,,9,4,1,35
29510,29821,29475,29122,,9,4,1,40
29510,29665,29475,28983,,9,4,1,45
29158,29524,29475,28858,,9,4,1,50
29158,29404,29475,28710,,9,4,1,55
29158,29231,29475,28544,,9,4,2,0
28775,29153,27997,28399,,9,4,2,5
28775,29052,27997,28311,,9,4,2,10
28775,28933,27997,28201,,9,4,2,15
28458,28809,27997,28096,,9,4,2,20
28458,28720,27997,28011,,9,4,2,25
28458,28607,27997,27905,,9,4,2,30
28167,28535,27997,27824,,9,4,2,35
28167,28437,27997,27743,,9,4,2,40
28167,28300,27997,27605,,9,4,2,45
27970,28181,27997,27450,,9,4,2,50
27970,28080,27997,27358,,9,4,2,55
27970,27988,27997,27262,,9,4,3,0
27673,27974,26942,27201,,9,4,3,5
27673,27997,26942,27220,,9,4,3,10
27673,27989,26942,27261,,9,4,3,15
27497,27942,26942,27235,,9,4,3,20
27497,27858,26942,27177,,9,4,3,25
27497,27792,26942,27136,,9,4,3,30
27376,27734,26942,27085,,9,4,3,35
27376,27657,26942,27043,,9,4,3,40
27376,27585,26942,26986,,9,4,3,45
27310,27512,26942,26929,,9,4,3,50
27310,27448,26942,26899,,9,4,3,55
27310,27405,26942,26847,,9,4,4,0
27216,27369,26253,26814,,9,4,4,5
27216,27334,26253,26804,,9,4,4,10
27216,27286,26253,26758,,9,4,4,15
27129,27226,26253,26685,,9,4,4,20
27129,27193,26253,26633,,9,4,4,25
27129,27138,26253,26579,,9,4,4,30
26981,27101,26253,26541,,9,4,4,35
26981,27093,26253,26537,,9,4,4,40
26981,27034,26253,26510,,9,4,4,45
26946,27009,26253,26469,,9,4,4,50
26946,26939,26253,26436,,9,4,4,55
26946,26892,26253,26360,,9,4,5,0
26877,26912,26135,26401,,9,4,5,5
26877,26974,26135,26491,,9,4,5,10
26877,26981,26135,26542,,9,4,5,15
26840,26964,26135,26540,,9,4,5,20
26840,26967,26135,26543,,9,4,5,25
26840,26966,26135,26551,,9,4,5,30
26848,26945,26135,26527,,9,4,5,35
26848,26935,26135,26511,,9,4,5,40
26848,26915,26135,26513,,9,4,5,45
26963,26921,26135,26490,,9,4,5,50
26963,26916,26135,26526,,9,4,5,55
26963,26908,26135,26510,,9,4,6,0
27012,27010,26255,26584,,9,4,6,5
27012,27105,26255,26700,,9,4,6,10
27012,27121,26255,26743,,9,4,6,15
26945,27091,26255,26749,,9,4,6,20
26945,27030,26255,26675,,9,4,6,25
26945,26994,26255,26605,,9,4,6,30
26823,26962,26255,26522,,9,4,6,35
26823,26919,26255,26426,,9,4,6,40
26823,26851,26255,26248,,9,4,6,45
26901,26828,26255,26070,,9,4,6,50
26901,26839,26255,25870,,9,4,6,55
26901,26853,26255,25615,,9,4,7,0
26988,26952,22904,25336,,9,4,7,5
26988,27050,22904,25197,,9,4,7,10
26988,27080,22904,24925,,9,4,7,15
27133,27098,22904,24448,,9,4,7,20
27133,27129,22904,24012,,9,4,7,25
27133,27189,22904,23552,,9,4,7,30
27285,27268,22904,22938,,9,4,7,35
27285,27285,22904,22531,,9,4,7,40
27285,27349,22904,22240,,9,4,7,45
27628,27402,22904,21602,,9,4,7,50
27628,27518,22904,21227,,9,4,7,55
27628,27634,22904,20911,,9,4,8,0
27921,27802,18742,20798,,9,4,8,5
27921,27941,18742,20815,,9,4,8,10
27921,28117,18742,20750,,9,4,8,15
28289,28258,18742,20604,,9,4,8,20
28289,28357,18742,20285,,9,4,8,25
28289,28457,18742,19984,,9,4,8,30
28715,28583,18742,19956,,9,4,8,35
28715,28698,18742,20026,,9,4,8,40
28715,28850,18742,20019,,9,4,8,45
29150,28961,18742,20077,,9,4,8,50
29150,29097,18742,19960,,9,4,8,55
29150,29251,18742,19629,,9,4,9,0
29595,29415,18084,19384,,9,4,9,5
29595,29605,18084,19160,,9,4,9,10
29595,29784,18084,19072,,9,4,9,15
30059,29915,18084,18943,,9,4,9,20
30059,30054,18084,18801,,9,4,9,25
30059,30172,18084,18738,,9,4,9,30
30549,30371,18084,18950,,9,4,9,35
30549,30552,18084,19071,,9,4,9,40
30549,30750,18084,19158,,9,4,9,45
31197,30869,18084,19341,,9,4,9,50
31197,30993,18084,19380,,9,4,9,55
31197,31126,18084,19368,,9,4,10,0
31677,31272,19037,19449,,9,4,10,5
31677,31385,19037,19479,,9,4,10,10
31677,31533,19037,19373,,9,4,10,15
32190,31688,19037,19447,,9,4,10,20
32190,31831,19037,19480,,9,4,10,25
32190,31960,19037,19515,,9,4,10,30
32669,32163,19037,19629,,9,4,10,35
32669,32332,19037,19710,,9,4,10,40
32669,32570,19037,19713,,9,4,10,45
33178,32723,19037,20015,,9,4,10,50
33178,32876,19037,20319,,9,4,10,55
33178,33055,19037,20839,,9,4,11,0
33805,33327,21043,21108,,9,4,11,5
33805,33469,21043,21076,,9,4,11,10
33805,33637,21043,21137,,9,4,11,15
34376,33794,21043,21324,,9,4,11,20
34376,33948,21043,21553,,9,4,11,25
34376,34081,21043,21700,,9,4,11,30
34985,34275,21043,21889,,9,4,11,35
34985,34447,21043,21899,,9,4,11,40
34985,34689,21043,22065,,9,4,11,45
35334,34891,21043,22300,,9,4,11,50
35334,35062,21043,22506,,9,4,11,55
35334,35190,21043,22669,,9,4,12,0
36029,35345,23028,22633,,9,4,12,5
36029,35536,23028,22721,,9,4,12,10
36029,35757,23028,22954,,9,4,12,15
36486,35926,23028,23175,,9,4,12,20
36486,36139,23028,23471,,9,4,12,25
36486,36322,23028,23634,,9,4,12,30
37080,36520,23028,23684,,9,4,12,35
37080,36717,23028,23877,,9,4,12,40
37080,36929,23028,24074,,9,4,12,45
37662,37114,23028,24269,,9,4,12,50
37662,37289,23028,24417,,9,4,12,55
37662,37431,23028,24594,,9,4,13,0
38242,37467,25754,24754,,9,4,13,5
38242,37585,25754,24951,,9,4,13,10
38242,37753,25754,25237,,9,4,13,15
38657,37902,25754,25469,,9,4,13,20
38657,38048,25754,25580,,9,4,13,25
38657,38238,25754,25761,,9,4,13,30
39034,38408,25754,25867,,9,4,13,35
39034,38590,25754,26058,,9,4,13,40
39034,38737,25754,26228,,9,4,13,45
39425,38889,25754,26522,,9,4,13,50
39425,39075,25754,26643,,9,4,13,55
39425,39232,25754,26772,,9,4,14,0
39889,39213,28494,26794,,9,4,14,5
39889,39318,28494,26882,,9,4,14,10
39889,39485,28494,27061,,9,4,14,15
40262,39648,28494,27178,,9,4,14,20
40262,39837,28494,27409,,9,4,14,25
40262,39968,28494,27682,,9,4,14,30
40779,40147,28494,28022,,9,4,14,35
40779,40353,28494,28239,,9,4,14,40
40779,40518,28494,28464,,9,4,14,45
41159,40668,28494,28672,,9,4,14,50
41159,40840,28494,28906,,9,4,14,55
41159,41028,28494,29039,,9,4,15,0
41684,41091,31030,29172,,9,4,15,5
41684,41208,31030,29177,,9,4,15,10
41684,41403,31030,29342,,9,4,15,15
42086,41577,31030,29552,,9,4,15,20
42086,41711,31030,29710,,9,4,15,25
42086,41848,31030,29924,,9,4,15,30
42464,42012,31030,30026,,9,4,15,35
42464,42132,31030,30160,,9,4,15,40
42464,42233,31030,30370,,9,4,15,45
42614,42350,31030,30474,,9,4,15,50
42614,42444,31030,30604,,9,4,15,55
42614,42477,31030,30789,,9,4,16,0
42863,42389,33582,31073,,9,4,16,5
42863,42475,33582,31258,,9,4,16,10
42863,42603,33582,31545,,9,4,16,15
43045,42734,33582,31673,,9,4,16,20
43045,42864,33582,31756,,9,4,16,25
43045,42978,33582,31874,,9,4,16,30
43392,43105,33582,32116,,9,4,16,35
43392,43270,33582,32405,,9,4,16,40
43392,43381,33582,32752,,9,4,16,45
43569,43240,33582,33015,,9,4,16,50
43569,43460,33582,33413,,9,4,16,55
43569,43598,33582,33952,,9,4,17,0
43713,43554,37279,34186,,9,4,17,5
43713,43566,37279,34277,,9,4,17,10
43713,43621,37279,34496,,9,4,17,15
43908,43691,37279,34802,,9,4,17,20
43908,43789,37279,35442,,9,4,17,25
43908,43903,37279,36090,,9,4,17,30
44082,43999,37279,36518,,9,4,17,35
44082,44027,37279,36772,,9,4,17,40
44082,44083,37279,37154,,9,4,17,45
43882,44130,37279,37625,,9,4,17,50
43882,43665,37279,37787,,9,4,17,55
43882,43675,37279,38072,,9,4,18,0
43349,43594,41868,38533,,9,4,18,5
43349,43863,41868,39008,,9,4,18,10
43349,43912,41868,39587,,9,4,18,15
43397,43887,41868,39883,,9,4,18,20
43397,43809,41868,40083,,9,4,18,25
43397,43727,41868,40132,,9,4,18,30
43455,43637,41868,40100,,9,4,18,35
43455,43576,41868,40054,,9,4,18,40
43455,43467,41868,40064,,9,4,18,45
43095,43343,41868,40179,,9,4,18,50
43095,43202,41868,40160,,9,4,18,55
43095,43086,41868,40132,,9,4,19,0
42889,42995,42640,40117,,9,4,19,5
42889,42893,42640,40120,,9,4,19,10
42889,42757,42640,40086,,9,4,19,15
42450,42714,42640,40008,,9,4,19,20
42450,42634,42640,39973,,9,4,19,25
42450,42540,42640,39890,,9,4,19,30
42021,42500,42640,39793,,9,4,19,35
42021,42412,42640,39687,,9,4,19,40
42021,42310,42640,39523,,9,4,19,45
41652,42220,42640,39308,,9,4,19,50
41652,42086,42640,39157,,9,4,19,55
41652,41985,42640,39035,,9,4,20,0
41300,41817,40470,38836,,9,4,20,5
41300,41690,40470,38646,,9,4,20,10
41300,41562,40470,38481,,9,4,20,15
40858,41470,40470,38348,,9,4,20,20
40858,41331,40470,38237,,9,4,20,25
40858,41196,40470,38129,,9,4,20,30
40332,41046,40470,38023,,9,4,20,35
40332,40884,40470,37901,,9,4,20,40
40332,40736,40470,37760,,9,4,20,45
40023,40555,40470,37556,,9,4,20,50
40023,40414,40470,37443,,9,4,20,55
40023,40193,40470,37235,,9,4,21,0
39593,40185,37953,37141,,9,4,21,5
39593,40162,37953,37192,,9,4,21,10
39593,40017,37953,37092,,9,4,21,15
39246,39877,37953,36957,,9,4,21,20
39246,39724,37953,36836,,9,4,21,25
39246,39547,37953,36720,,9,4,21,30
38569,39371,37953,36540,,9,4,21,35
38569,39178,37953,36332,,9,4,21,40
38569,38969,37953,36137,,9,4,21,45
37805,38766,37953,35956,,9,4,21,50
37805,38529,37953,35716,,9,4,21,55
37805,38272,37953,35485,,9,4,22,0
37110,38024,34698,35247,,9,4,22,5
37110,37806,34698,35025,,9,4,22,10
37110,37554,34698,34835,,9,4,22,15
36554,37320,34698,34577,,9,4,22,20
36554,37091,34698,34388,,9,4,22,25
36554,36872,34698,34155,,9,4,22,30
35821,36591,34698,33850,,9,4,22,35
35821,36408,34698,33636,,9,4,22,40
35821,36156,34698,33422,,9,4,22,45
35074,35902,34698,33148,,9,4,22,50
35074,35689,34698,32939,,9,4,22,55
35074,35445,34698,32727,,9,4,23,0
34407,35204,31754,32487,,9,4,23,5
34407,35002,31754,32308,,9,4,23,10
34407,34714,31754,32087,,9,4,23,15
33827,34504,31754,31792,,9,4,23,20
33827,34241,31754,31553,,9,4,23,25
33827,34013,31754,31370,,9,4,23,30
33196,33781,31754,31169,,9,4,23,35
33196,33566,31754,31028,,9,4,23,40
33196,33303,31754,30847,,9,4,23,45
32594,33083,31754,30704,,9,4,23,50
32594,32889,31754,30552,,9,4,23,55
32594,32682,31754,30369,,9,4,0,0
32594,32682,31754,30369,,9,5,0,0
32054,32607,30421,30201,,9,5,0,5
32054,32599,30421,30150,,9,5,0,10
32054,32544,30421,30039,,9,5,0,15
31680,32361,30421,29893,,9,5,0,20
31680,32179,30421,29764,,9,5,0,25
31680,32012,30421,29650,,9,5,0,30
31240,31829,30421,29528,,9,5,0,35
31240,31644,30421,29299,,9,5,0,40
31240,31461,30421,29071,,9,5,0,45
30776,31288,30421,29021,,9,5,0,50
30776,31106,30421,28920,,9,5,0,55
30776,30958,30421,28858,,9,5,1,0
30357,30819,27690,28837,,9,5,1,5
30357,30787,27690,28976,,9,5,1,10
30357,30665,27690,29062,,9,5,1,15
29941,30524,27690,29094,,9,5,1,20
29941,30364,27690,28981,,9,5,1,25
29941,30198,27690,28806,,9,5,1,30
29602,30065,27690,28694,,9,5,1,35
29602,29917,27690,28500,,9,5,1,40
29602,29773,27690,28269,,9,5,1,45
29257,29604,27690,28083,,9,5,1,50
29257,29478,27690,27939,,9,5,1,55
29257,29367,27690,27790,,9,5,2,0
28943,29291,26278,27630,,9,5,2,5
28943,29226,26278,27434,,9,5,2,10
28943,29164,26278,27222,,9,5,2,15
28623,29070,26278,26974,,9,5,2,20
28623,28965,26278,26744,,9,5,2,25
28623,28861,26278,26555,,9,5,2,30
28322,28772,26278,26379,,9,5,2,35
28322,28654,26278,26185,,9,5,2,40
28322,28525,26278,25986,,9,5,2,45
28144,28441,26278,25805,,9,5,2,50
28144,28335,26278,25668,,9,5,2,55
28144,28247,26278,25554,,9,5,3,0
27929,28164,25649,25469,,9,5,3,5
27929,28112,25649,25396,,9,5,3,10
27929,28019,25649,25354,,9,5,3,15
27710,27917,25649,25328,,9,5,3,20
27710,27828,25649,25294,,9,5,3,25
27710,27755,25649,25224,,9,5,3,30
27468,27680,25649,25201,,9,5,3,35
27468,27596,25649,25076,,9,5,3,40
27468,27519,25649,25025,,9,5,3,45
27368,27464,25649,24997,,9,5,3,50
27368,27386,25649,24986,,9,5,3,55
27368,27314,25649,24942,,9,5,4,0
27254,27375,25400,25019,,9,5,4,5
27254,27405,25400,25183,,9,5,4,10
27254,27366,25400,25229,,9,5,4,15
27207,27363,25400,25287,,9,5,4,20
27207,27301,25400,25331,,9,5,4,25
27207,27267,25400,25335,,9,5,4,30
27104,27231,25400,25336,,9,5,4,35
27104,27199,25400,25294,,9,5,4,40
27104,27201,25400,25296,,9,5,4,45
27212,27157,25400,25289,,9,5,4,50
27212,27101,25400,25234,,9,5,4,55
27212,27057,25400,25218,,9,5,5,0
27230,27133,25838,25237,,9,5,5,5
27230,27210,25838,25335,,9,5,5,10
27230,27233,25838,25366,,9,5,5,15
27113,27250,25838,25382,,9,5,5,20
27113,27228,25838,25411,,9,5,5,25
27113,27202,25838,25454,,9,5,5,30
27114,27241,25838,25478,,9,5,5,35
27114,27279,25838,25534,,9,5,5,40
27114,27328,25838,25599,,9,5,5,45
27443,27363,25838,25671,,9,5,5,50
27443,27338,25838,25731,,9,5,5,55
27443,27364,25838,25796,,9,5,6,0
27649,27626,26603,25989,,9,5,6,5
27649,27804,26603,26310,,9,5,6,10
27649,27865,26603,26412,,9,5,6,15
27602,27863,26603,26478,,9,5,6,20
27602,27809,26603,26404,,9,5,6,25
27602,27733,26603,26320,,9,5,6,30
27509,27714,26603,26269,,9,5,6,35
27509,27703,26603,26176,,9,5,6,40
27509,27662,26603,26051,,9,5,6,45
27655,27627,26603,25854,,9,5,6,50
27655,27614,26603,25642,,9,5,6,55
27655,27649,26603,25424,,9,5,7,0
27874,27821,23711,25266,,9,5,7,5
27874,28016,23711,25189,,9,5,7,10
27874,28071,23711,24938,,9,5,7,15
28050,28151,23711,24563,,9,5,7,20
28050,28196,23711,24177,,9,5,7,25
28050,28221,23711,23679,,9,5,7,30
28303,28298,23711,23242,,9,5,7,35
28303,28392,23711,22806,,9,5,7,40
28303,28429,23711,22275,,9,5,7,45
28678,28517,23711,21783,,9,5,7,50
28678,28639,23711,21463,,9,5,7,55
28678,28763,23711,20959,,9,5,8,0
29219,28907,19447,20461,,9,5,8,5
29219,29089,19447,19957,,9,5,8,10
29219,29224,19447,19584,,9,5,8,15
29550,29296,19447,19358,,9,5,8,20
29550,29442,19447,19123,,9,5,8,25
29550,29543,19447,18963,,9,5,8,30
29642,29630,19447,18829,,9,5,8,35
29642,29760,19447,18636,,9,5,8,40
29642,29882,19447,18434,,9,5,8,45
30149,30026,19447,18306,,9,5,8,50
30149,30146,19447,18301,,9,5,8,55
30149,30308,19447,18193,,9,5,9,0
30739,30457,18928,18145,,9,5,9,5
30739,30653,18928,18178,,9,5,9,10
30739,30840,18928,18247,,9,5,9,15
31285,31027,18928,18270,,9,5,9,20
31285,31178,18928,18328,,9,5,9,25
31285,31342,18928,18305,,9,5,9,30
31908,31505,18928,18345,,9,5,9,35
31908,31687,18928,18465,,9,5,9,40
31908,31897,18928,18659,,9,5,9,45
32417,32083,18928,18796,,9,5,9,50
32417,32253,18928,18914,,9,5,9,55
32417,32454,18928,19087,,9,5,10,0
32964,32697,20285,19293,,9,5,10,5
32964,32956,20285,19530,,9,5,10,10
32964,33219,20285,19799,,9,5,10,15
33668,33442,20285,20033,,9,5,10,20
33668,33639,20285,20091,,9,5,10,25
33668,33891,20285,20251,,9,5,10,30
34542,34088,20285,20438,,9,5,10,35
34542,34313,20285,20753,,9,5,10,40
34542,34589,20285,21101,,9,5,10,45
35302,34809,20285,21408,,9,5,10,50
35302,35018,20285,21605,,9,5,10,55
35302,35156,20285,21737,,9,5,11,0
36078,35261,22856,21609,,9,5,11,5
36078,35445,22856,21636,,9,5,11,10
36078,35753,22856,21868,,9,5,11,15
36701,36000,22856,22196,,9,5,11,20
36701,36249,22856,22443,,9,5,11,25
36701,36459,22856,22629,,9,5,11,30
37349,36697,22856,22936,,9,5,11,35
37349,36927,22856,23103,,9,5,11,40
37349,37184,22856,23320,,9,5,11,45
37971,37456,22856,23553,,9,5,11,50
37971,37673,22856,23777,,9,5,11,55
37971,37879,22856,24077,,9,5,12,0
38804,38012,25619,24163,,9,5,12,5
38804,38187,25619,24293,,9,5,12,10
38804,38488,25619,24631,,9,5,12,15
39487,38721,25619,24773,,9,5,12,20
39487,38953,25619,24979,,9,5,12,25
39487,39175,25619,25256,,9,5,12,30
40058,39358,25619,25427,,9,5,12,35
40058,39553,25619,25684,,9,5,12,40
40058,39854,25619,25877,,9,5,12,45
40678,40068,25619,26024,,9,5,12,50
40678,40284,25619,26263,,9,5,12,55
40678,40448,25619,26484,,9,5,13,0
41364,40551,28312,26587,,9,5,13,5
41364,40742,28312,26780,,9,5,13,10
41364,40980,28312,27038,,9,5,13,15
41943,41204,28312,27350,,9,5,13,20
41943,41457,28312,27513,,9,5,13,25
41943,41643,28312,27651,,9,5,13,30
42502,41862,28312,27882,,9,5,13,35
42502,42048,28312,28071,,9,5,13,40
42502,42305,28312,28342,,9,5,13,45
42913,42504,28312,28617,,9,5,13,50
42913,42709,28312,28789,,9,5,13,55
42913,42893,28312,29000,,9,5,14,0
43620,42997,31176,29160,,9,5,14,5
43620,43127,31176,29241,,9,5,14,10
43620,43357,31176,29507,,9,5,14,15
44281,43579,31176,29690,,9,5,14,20
44281,43784,31176,29963,,9,5,14,25
44281,44043,31176,30204,,9,5,14,30
44845,44169,31176,30464,,9,5,14,35
44845,44337,31176,30602,,9,5,14,40
44845,44540,31176,30851,,9,5,14,45
45244,44731,31176,31001,,9,5,14,50
45244,44927,31176,31231,,9,5,14,55
45244,45116,31176,31466,,9,5,15,0
45925,45201,33998,31553,,9,5,15,5
45925,45389,33998,31766,,9,5,15,10
45925,45623,33998,32122,,9,5,15,15
46161,45828,33998,32466,,9,5,15,20
46161,46012,33998,32578,,9,5,15,25
46161,46221,33998,32796,,9,5,15,30
46676,46448,33998,33143,,9,5,15,35
46676,46600,33998,33330,,9,5,15,40
46676,46752,33998,33500,,9,5,15,45
47072,46895,33998,33709,,9,5,15,50
47072,47028,33998,33826,,9,5,15,55
47072,47085,33998,33963,,9,5,16,0
47374,46848,36280,34055,,9,5,16,5
47374,46831,36280,34111,,9,5,16,10
47374,46929,36280,34321,,9,5,16,15
47409,47033,36280,34564,,9,5,16,20
47409,47317,36280,34917,,9,5,16,25
47409,47494,36280,35202,,9,5,16,30
47815,47482,36280,35512,,9,5,16,35
47815,47614,36280,35714,,9,5,16,40
47815,47816,36280,36046,,9,5,16,45
48019,48142,36280,36373,,9,5,16,50
48019,48187,36280,36691,,9,5,16,55
48019,48317,36280,36856,,9,5,17,0
48429,48182,40127,37081,,9,5,17,5
48429,48188,40127,37276,,9,5,17,10
48429,48270,40127,37521,,9,5,17,15
48522,48399,40127,37935,,9,5,17,20
48522,48518,40127,38582,,9,5,17,25
48522,48625,40127,39090,,9,5,17,30
48675,48710,40127,39534,,9,5,17,35
48675,48828,40127,40056,,9,5,17,40
48675,48906,40127,40714,,9,5,17,45
48585,48917,40127,41318,,9,5,17,50
48585,48929,40127,41882,,9,5,17,55
48585,48947,40127,42465,,9,5,18,0
48458,48640,44890,42803,,9,5,18,5
48458,48527,44890,43106,,9,5,18,10
48458,48474,44890,43591,,9,5,18,15
48128,48460,44890,44110,,9,5,18,20
48128,48380,44890,44508,,9,5,18,25
48128,48342,44890,44889,,9,5,18,30
47826,48103,44890,45176,,9,5,18,35
47826,47826,44890,45248,1,9,5,18,40
47826,47651,44890,45362,1,9,5,18,45
48019,47441,44890,45432,1,9,5,18,50
48019,47174,44890,45412,1,9,5,18,55
48019,46943,44890,45356,1,9,5,19,0
47374,46727,45159,45276,1,9,5,19,5
47374,46550,45159,45221,1,9,5,19,10
47374,46377,45159,45153,1,9,5,19,15
47138,46265,45159,45043,1,9,5,19,20
47138,46162,45159,44962,1,9,5,19,25
47138,46112,45159,44890,1,9,5,19,30
46738,46061,45159,44848,1,9,5,19,35
46738,45983,45159,44772,1,9,5,19,40
46738,45875,45159,44643,1,9,5,19,45
46129,45731,45159,44529,1,9,5,19,50
46129,45592,45159,44389,1,9,5,19,55
46129,45299,45159,44173,1,9,5,20,0
45467,45069,42891,43819,1,9,5,20,5
45467,45029,42891,43751,1,9,5,20,10
45467,44961,42891,43683,1,9,5,20,15
44526,44901,42891,43623,1,9,5,20,20
44526,44789,42891,43529,,9,5,20,25
44526,44643,42891,43414,,9,5,20,30
43723,44478,42891,43267,,9,5,20,35
43723,44286,42891,43086,,9,5,20,40
43723,44077,42891,42887,,9,5,20,45
43238,43878,42891,42682,,9,5,20,50
43238,43720,42891,42516,,9,5,20,55
43238,43532,42891,42332,,9,5,21,0
42717,43433,40231,42281,,9,5,21,5
42717,43352,40231,42208,,9,5,21,10
42717,43204,40231,42135,,9,5,21,15
42271,43051,40231,42001,,9,5,21,20
42271,42872,40231,41840,,9,5,21,25
42271,42697,40231,41651,,9,5,21,30
41588,42470,40231,41452,,9,5,21,35
41588,42163,40231,41179,,9,5,21,40
41588,41905,40231,40903,,9,5,21,45
40629,41621,40231,40633,,9,5,21,50
40629,41347,40231,40387,,9,5,21,55
40629,41034,40231,40127,,9,5,22,0
39783,40688,36684,39831,,9,5,22,5
39783,40385,36684,39523,,9,5,22,10
39783,40079,36684,39275,,9,5,22,15
39053,39805,36684,38981,,9,5,22,20
39053,39546,36684,38761,,9,5,22,25
39053,39253,36684,38508,,9,5,22,30
38086,38949,36684,38221,,9,5,22,35
38086,38719,36684,37962,,9,5,22,40
38086,38448,36684,37755,,9,5,22,45
37311,38115,36684,37425,,9,5,22,50
37311,37832,36684,37161,,9,5,22,55
37311,37559,36684,36885,,9,5,23,0
36437,37273,33704,36633,,9,5,23,5
36437,37052,33704,36409,,9,5,23,10
36437,36785,33704,36216,,9,5,23,15
35768,36483,33704,35903,,9,5,23,20
35768,36211,33704,35704,,9,5,23,25
35768,35936,33704,35451,,9,5,23,30
35018,35646,33704,35188,,9,5,23,35
35018,35403,33704,34960,,9,5,23,40
35018,35115,33704,34719,,9,5,23,45
34342,34849,33704,34449,,9,5,23,50
34342,34619,33704,34212,,9,5,23,55
34342,34373,33704,33964,,9,5,0,0